{"cameraMode":{"drawMode":0,"name":"Shaded","section":"Shading Mode"},"sceneLighting":true,"audioPlay":false,"sceneViewState":{"showFog":true,"showMaterialUpdate":false,"showSkybox":true,"showFlares":true,"showImageEffects":true,"showParticleSystems":true},"in2DMode":false,"pivot":{"x":-0.8825054168701172,"y":2.765476942062378,"z":-1.3349685668945313},"rotation":{"x":0.018955742940306665,"y":-0.9808779358863831,"z":0.1272401511669159,"w":0.14613603055477143},"size":4.466025352478027,"orthographic":false}