{"cameraMode":{"drawMode":0,"name":"Shaded","section":"Shading Mode"},"sceneLighting":true,"audioPlay":false,"sceneViewState":{"showFog":true,"showMaterialUpdate":false,"showSkybox":true,"showFlares":true,"showImageEffects":true,"showParticleSystems":true},"in2DMode":false,"pivot":{"x":-1.8875083923339844,"y":-3.3984365463256838,"z":-0.8295135498046875},"rotation":{"x":-0.32270196080207827,"y":0.27201011776924136,"z":-0.09738784283399582,"w":-0.901326596736908},"size":17.608810424804689,"orthographic":false}